svm,lr,nv,rf,knn
normal,normal,normal,normal,normal
normal,normal,normal,normal,normal
normal,normal,normal,normal,normal
normal,normal,normal,normal,normal
normal,normal,normal,normal,normal
normal,normal,normal,normal,normal
normal,normal,anomaly,normal,normal
normal,normal,normal,normal,normal
normal,normal,normal,normal,normal
normal,normal,normal,normal,normal
normal,normal,normal,normal,normal
normal,normal,anomaly,normal,normal
normal,normal,anomaly,normal,normal
normal,normal,normal,normal,normal
normal,normal,anomaly,normal,normal
normal,normal,anomaly,normal,normal
normal,normal,anomaly,normal,normal
normal,normal,anomaly,normal,normal
normal,normal,anomaly,normal,normal
normal,normal,anomaly,normal,normal
normal,normal,normal,normal,normal
normal,normal,normal,normal,normal
normal,normal,normal,normal,normal
normal,normal,normal,normal,normal
normal,normal,anomaly,normal,normal
normal,normal,normal,normal,normal
normal,normal,normal,normal,normal
normal,normal,normal,normal,normal
normal,normal,normal,normal,normal
normal,normal,anomaly,normal,normal
normal,normal,normal,normal,normal
normal,normal,normal,normal,normal
normal,normal,normal,normal,normal
normal,normal,anomaly,normal,normal
normal,normal,normal,normal,normal
normal,normal,anomaly,normal,normal
normal,normal,normal,normal,normal
normal,normal,anomaly,normal,normal
normal,normal,anomaly,normal,normal
normal,anomaly,normal,normal,normal
normal,normal,normal,normal,normal
normal,normal,normal,normal,normal
normal,normal,normal,normal,normal
normal,anomaly,normal,normal,normal
normal,normal,normal,normal,normal
normal,normal,normal,normal,normal
normal,normal,normal,anomaly,normal
normal,normal,normal,normal,normal
normal,normal,normal,anomaly,normal
normal,normal,normal,normal,normal
normal,normal,anomaly,normal,normal
normal,normal,anomaly,normal,normal
normal,normal,normal,normal,normal
normal,normal,anomaly,normal,normal
normal,normal,normal,normal,normal
normal,normal,normal,normal,normal
normal,normal,anomaly,normal,normal
normal,normal,normal,normal,normal
normal,normal,anomaly,normal,normal
normal,normal,normal,normal,normal
normal,normal,anomaly,normal,normal
normal,normal,normal,normal,normal
normal,normal,anomaly,normal,normal
normal,anomaly,normal,normal,normal
normal,anomaly,normal,normal,normal
normal,normal,normal,normal,normal
normal,normal,normal,normal,normal
normal,normal,normal,anomaly,normal
normal,normal,normal,anomaly,normal
normal,normal,normal,normal,normal
normal,normal,normal,normal,normal
normal,normal,normal,normal,normal
normal,normal,normal,normal,normal
normal,normal,normal,normal,normal
normal,normal,normal,normal,normal
normal,normal,normal,anomaly,normal
normal,normal,normal,anomaly,normal
normal,normal,normal,anomaly,normal
normal,normal,normal,anomaly,normal
normal,normal,normal,anomaly,normal
normal,normal,anomaly,normal,normal
normal,normal,anomaly,normal,normal
normal,normal,normal,anomaly,normal
normal,normal,anomaly,normal,normal
normal,normal,anomaly,normal,normal
normal,normal,normal,anomaly,normal
normal,normal,normal,anomaly,normal
normal,normal,normal,anomaly,anomaly
normal,normal,anomaly,normal,normal
normal,normal,anomaly,normal,normal
normal,normal,anomaly,normal,normal
normal,normal,anomaly,normal,normal
normal,normal,normal,anomaly,normal
normal,normal,anomaly,normal,normal
normal,normal,anomaly,normal,normal
normal,normal,anomaly,normal,normal
normal,normal,anomaly,normal,normal
normal,normal,normal,normal,normal
normal,normal,anomaly,normal,normal
normal,normal,anomaly,normal,normal
normal,normal,anomaly,normal,normal
normal,normal,anomaly,normal,normal
normal,normal,anomaly,normal,normal
normal,normal,normal,normal,normal
normal,normal,anomaly,normal,normal
normal,normal,anomaly,normal,normal
normal,normal,anomaly,normal,normal
normal,normal,anomaly,normal,normal
normal,normal,anomaly,normal,normal
normal,normal,anomaly,normal,normal
normal,normal,anomaly,normal,normal
normal,normal,anomaly,normal,normal
normal,normal,anomaly,normal,normal
normal,normal,normal,normal,normal
normal,normal,anomaly,normal,normal
normal,normal,anomaly,normal,normal
normal,normal,anomaly,normal,normal
normal,normal,anomaly,normal,normal
normal,normal,anomaly,normal,normal
normal,normal,normal,normal,normal
normal,normal,normal,normal,normal
normal,normal,anomaly,normal,normal
normal,normal,anomaly,normal,normal
normal,normal,anomaly,normal,normal
normal,normal,normal,anomaly,normal
normal,normal,normal,anomaly,normal
normal,normal,normal,anomaly,normal
normal,normal,normal,anomaly,normal
normal,normal,normal,anomaly,normal
normal,normal,normal,anomaly,normal
normal,normal,normal,anomaly,normal
normal,normal,normal,anomaly,normal
normal,normal,anomaly,normal,normal
normal,normal,normal,anomaly,normal
normal,normal,anomaly,normal,normal
normal,normal,anomaly,normal,normal
normal,normal,anomaly,normal,normal
normal,normal,anomaly,normal,normal
normal,normal,anomaly,normal,normal
normal,normal,anomaly,normal,normal
normal,normal,normal,normal,normal
normal,normal,normal,normal,normal
normal,normal,normal,normal,normal
normal,normal,anomaly,normal,normal
normal,normal,anomaly,normal,normal
normal,normal,anomaly,normal,normal
normal,normal,normal,normal,normal
normal,normal,anomaly,normal,normal
normal,normal,anomaly,normal,normal
normal,normal,normal,normal,normal
normal,normal,normal,normal,normal
normal,normal,anomaly,normal,normal
normal,normal,anomaly,normal,normal
normal,normal,anomaly,normal,normal
normal,normal,anomaly,normal,normal
normal,normal,anomaly,normal,normal
normal,normal,normal,normal,normal
normal,normal,anomaly,normal,normal
normal,normal,normal,normal,normal
normal,normal,normal,normal,normal
normal,normal,anomaly,normal,normal
normal,normal,normal,normal,normal
normal,normal,normal,normal,normal
normal,normal,anomaly,normal,normal
normal,normal,normal,anomaly,normal
normal,normal,normal,anomaly,normal
normal,normal,normal,anomaly,normal
normal,normal,normal,anomaly,normal
normal,normal,normal,anomaly,normal
normal,normal,normal,anomaly,normal
normal,normal,normal,anomaly,normal
normal,normal,anomaly,normal,normal
normal,normal,anomaly,normal,normal
normal,normal,anomaly,normal,normal
normal,normal,anomaly,normal,normal
normal,normal,anomaly,normal,normal
normal,normal,anomaly,normal,normal
normal,normal,anomaly,normal,normal
normal,normal,anomaly,normal,normal
normal,normal,anomaly,normal,normal
normal,normal,anomaly,normal,normal
normal,normal,anomaly,normal,normal
normal,normal,normal,normal,normal
normal,normal,normal,normal,normal
normal,normal,normal,normal,normal
normal,normal,normal,normal,normal
normal,normal,normal,normal,normal
normal,normal,normal,normal,normal
normal,normal,normal,normal,normal
normal,normal,normal,normal,normal
normal,normal,normal,normal,normal
normal,normal,normal,normal,normal
normal,normal,normal,normal,normal
normal,normal,normal,normal,normal
normal,normal,normal,normal,normal
normal,normal,normal,normal,normal
normal,normal,normal,normal,normal
normal,normal,normal,normal,normal
normal,normal,normal,normal,normal
normal,normal,normal,normal,normal
normal,normal,normal,normal,normal
normal,normal,anomaly,normal,normal
normal,normal,anomaly,normal,normal
normal,normal,anomaly,normal,normal
normal,normal,anomaly,normal,normal
normal,normal,anomaly,normal,normal
normal,normal,anomaly,normal,normal
normal,normal,anomaly,normal,normal
normal,normal,anomaly,normal,normal
normal,normal,anomaly,normal,normal
normal,normal,anomaly,normal,normal
normal,normal,anomaly,normal,normal
normal,normal,anomaly,normal,normal
normal,normal,anomaly,normal,normal
normal,normal,normal,anomaly,normal
normal,normal,normal,anomaly,normal
normal,normal,normal,anomaly,normal
normal,normal,normal,anomaly,normal
normal,normal,normal,anomaly,normal
normal,normal,normal,anomaly,normal
normal,normal,normal,anomaly,normal
normal,normal,anomaly,normal,normal
normal,normal,anomaly,normal,normal
normal,normal,normal,normal,normal
normal,normal,anomaly,normal,normal
normal,normal,anomaly,normal,normal
normal,normal,anomaly,normal,normal
normal,normal,anomaly,normal,normal
normal,normal,anomaly,normal,normal
normal,normal,anomaly,normal,normal
normal,normal,anomaly,normal,normal
normal,normal,anomaly,normal,normal
normal,normal,anomaly,normal,normal
normal,normal,anomaly,normal,normal
normal,normal,anomaly,normal,normal
normal,normal,normal,normal,normal
normal,normal,anomaly,normal,normal
normal,normal,anomaly,normal,normal
normal,normal,anomaly,normal,normal
normal,anomaly,normal,normal,normal
normal,normal,normal,normal,normal
normal,normal,normal,normal,normal
normal,normal,normal,anomaly,normal
normal,normal,normal,anomaly,normal
normal,normal,normal,anomaly,normal
normal,normal,normal,anomaly,normal
normal,normal,normal,anomaly,normal
normal,normal,normal,anomaly,normal
normal,normal,anomaly,normal,normal
normal,normal,anomaly,normal,normal
normal,normal,normal,normal,normal
normal,normal,anomaly,normal,normal
normal,normal,normal,normal,normal
normal,normal,anomaly,normal,normal
normal,normal,normal,normal,normal
normal,normal,normal,normal,normal
normal,normal,normal,normal,normal
normal,normal,normal,normal,normal
normal,normal,normal,normal,normal
normal,normal,anomaly,normal,normal
normal,normal,normal,normal,normal
normal,normal,normal,normal,normal
normal,normal,normal,normal,normal
normal,normal,normal,normal,normal
normal,normal,normal,normal,normal
normal,normal,normal,normal,normal
normal,normal,anomaly,normal,normal
normal,normal,anomaly,normal,normal
normal,normal,normal,anomaly,normal
normal,normal,normal,anomaly,normal
normal,normal,normal,anomaly,normal
normal,normal,normal,anomaly,normal
normal,normal,normal,anomaly,normal
normal,normal,normal,anomaly,normal
normal,normal,normal,anomaly,normal
normal,normal,normal,anomaly,normal
normal,normal,anomaly,normal,normal
normal,normal,anomaly,normal,normal
normal,normal,anomaly,normal,normal
normal,normal,anomaly,normal,normal
normal,normal,normal,anomaly,normal
normal,normal,anomaly,normal,normal
normal,normal,anomaly,normal,normal
normal,normal,anomaly,normal,normal
normal,normal,anomaly,normal,normal
normal,normal,anomaly,normal,normal
normal,normal,anomaly,normal,normal
normal,normal,anomaly,normal,normal
normal,normal,anomaly,normal,normal
normal,normal,anomaly,normal,normal
normal,normal,anomaly,normal,normal
normal,normal,normal,normal,normal
normal,normal,anomaly,normal,normal
normal,normal,anomaly,normal,normal
normal,normal,anomaly,normal,normal
normal,normal,anomaly,normal,normal
normal,normal,anomaly,normal,normal
normal,normal,anomaly,normal,normal
normal,normal,anomaly,normal,normal
normal,normal,normal,anomaly,normal
normal,normal,normal,anomaly,normal
normal,normal,normal,anomaly,normal
normal,normal,normal,anomaly,normal
normal,normal,normal,anomaly,normal
normal,normal,normal,anomaly,normal
normal,normal,normal,anomaly,normal
normal,normal,anomaly,normal,normal
normal,normal,anomaly,normal,normal
normal,normal,anomaly,normal,normal
normal,normal,anomaly,normal,normal
normal,normal,anomaly,normal,normal
normal,normal,anomaly,normal,normal
normal,normal,anomaly,normal,normal
normal,normal,normal,normal,normal
normal,normal,normal,normal,normal
normal,normal,normal,normal,normal
normal,normal,anomaly,normal,normal
normal,normal,anomaly,normal,normal
normal,normal,anomaly,normal,normal
normal,normal,normal,normal,normal
normal,normal,normal,normal,normal
normal,normal,normal,normal,normal
normal,normal,normal,normal,normal
normal,normal,normal,normal,normal
normal,normal,normal,normal,normal
normal,normal,anomaly,normal,normal
normal,normal,normal,normal,normal
normal,normal,normal,normal,normal
normal,normal,normal,normal,normal
normal,normal,normal,normal,normal
normal,normal,anomaly,normal,normal
normal,normal,anomaly,normal,normal
normal,normal,anomaly,normal,normal
normal,normal,anomaly,normal,normal
normal,normal,anomaly,normal,normal
normal,normal,anomaly,normal,normal
normal,normal,anomaly,normal,normal
normal,normal,normal,normal,normal
normal,normal,anomaly,normal,normal
normal,normal,normal,normal,normal
normal,normal,anomaly,normal,normal
normal,normal,normal,normal,normal
normal,normal,normal,normal,normal
normal,normal,anomaly,normal,normal
normal,normal,anomaly,normal,normal
normal,normal,anomaly,normal,normal
normal,normal,anomaly,normal,normal
normal,normal,anomaly,normal,normal
normal,normal,normal,normal,normal
normal,normal,normal,anomaly,normal
normal,normal,normal,anomaly,normal
normal,normal,normal,anomaly,normal
normal,normal,normal,anomaly,normal
normal,normal,normal,anomaly,normal
normal,normal,normal,anomaly,normal
normal,normal,normal,anomaly,normal
normal,normal,normal,anomaly,normal
normal,normal,anomaly,normal,normal
normal,normal,normal,normal,normal
normal,normal,normal,normal,normal
normal,normal,anomaly,normal,normal
normal,normal,anomaly,normal,normal
normal,normal,normal,normal,normal
normal,normal,anomaly,normal,normal
normal,normal,anomaly,normal,normal
normal,normal,anomaly,normal,normal
normal,normal,normal,normal,normal
normal,normal,anomaly,normal,normal
normal,normal,anomaly,normal,normal
normal,normal,anomaly,normal,normal
normal,normal,anomaly,normal,normal
normal,normal,normal,normal,normal
normal,normal,normal,normal,normal
normal,normal,normal,normal,normal
normal,normal,normal,normal,normal
normal,normal,normal,normal,normal
normal,normal,normal,normal,normal
normal,normal,normal,normal,normal
normal,normal,normal,normal,normal
normal,normal,normal,normal,normal
normal,normal,normal,normal,normal
normal,normal,normal,normal,normal
normal,normal,normal,normal,normal
normal,normal,normal,normal,normal
normal,normal,normal,normal,normal
normal,normal,normal,normal,normal
normal,normal,normal,normal,normal
normal,normal,anomaly,normal,normal
normal,normal,anomaly,normal,normal
normal,normal,anomaly,normal,normal
normal,normal,anomaly,normal,normal
normal,normal,anomaly,normal,normal
normal,normal,anomaly,normal,normal
normal,normal,anomaly,normal,normal
normal,normal,anomaly,normal,normal
normal,normal,anomaly,normal,normal
normal,normal,normal,anomaly,normal
normal,normal,normal,anomaly,normal
normal,normal,normal,anomaly,normal
normal,normal,normal,anomaly,normal
normal,normal,normal,anomaly,normal
normal,normal,normal,anomaly,normal
normal,normal,normal,anomaly,normal
normal,normal,anomaly,normal,normal
normal,normal,anomaly,normal,normal
normal,normal,anomaly,normal,normal
normal,normal,anomaly,normal,normal
normal,normal,normal,anomaly,normal
normal,normal,anomaly,normal,normal
normal,normal,anomaly,normal,normal
normal,normal,anomaly,normal,normal
normal,normal,anomaly,normal,normal
normal,normal,normal,normal,normal
normal,normal,anomaly,normal,normal
normal,normal,normal,anomaly,normal
normal,normal,anomaly,normal,normal
normal,normal,anomaly,normal,normal
normal,normal,anomaly,normal,normal
normal,normal,anomaly,normal,normal
normal,normal,anomaly,normal,normal
normal,normal,normal,anomaly,normal
normal,normal,normal,anomaly,normal
normal,normal,normal,anomaly,normal
normal,normal,normal,anomaly,normal
normal,normal,normal,anomaly,normal
normal,normal,normal,anomaly,normal
normal,normal,anomaly,normal,normal
normal,normal,normal,normal,normal
normal,normal,normal,normal,normal
normal,normal,normal,normal,normal
normal,normal,normal,normal,normal
normal,normal,normal,normal,normal
normal,normal,normal,normal,normal
normal,normal,normal,normal,normal
normal,normal,normal,normal,normal
normal,normal,normal,normal,normal
normal,normal,normal,normal,normal
normal,normal,normal,normal,normal
normal,normal,normal,normal,normal
normal,normal,normal,normal,normal
normal,normal,normal,normal,normal
normal,normal,normal,normal,normal
normal,normal,normal,normal,normal
normal,normal,normal,normal,normal
normal,normal,normal,normal,normal
normal,normal,anomaly,normal,normal
normal,normal,anomaly,normal,normal
normal,normal,anomaly,normal,normal
normal,normal,normal,normal,normal
normal,normal,normal,normal,normal
normal,normal,normal,normal,normal
normal,normal,normal,normal,normal
normal,normal,normal,normal,normal
normal,normal,normal,normal,normal
normal,normal,anomaly,normal,normal
normal,normal,normal,normal,normal
normal,normal,normal,normal,normal
normal,normal,normal,normal,normal
normal,normal,normal,normal,normal
normal,normal,normal,normal,normal
normal,normal,anomaly,normal,normal
normal,normal,normal,normal,normal
normal,normal,normal,normal,normal
normal,normal,anomaly,normal,normal
normal,normal,anomaly,normal,normal
normal,normal,normal,normal,normal
normal,normal,normal,normal,normal
normal,normal,normal,normal,normal
normal,normal,normal,normal,normal
normal,normal,normal,normal,normal
normal,normal,normal,normal,normal
normal,normal,normal,normal,normal
normal,normal,normal,normal,normal
normal,normal,normal,normal,normal
normal,normal,normal,normal,normal
normal,normal,normal,normal,normal
normal,normal,normal,normal,normal
normal,normal,anomaly,normal,normal
normal,normal,normal,normal,normal
normal,normal,anomaly,normal,normal
normal,normal,anomaly,normal,normal
normal,normal,anomaly,normal,normal
normal,normal,anomaly,normal,normal
normal,normal,anomaly,normal,normal
normal,normal,anomaly,normal,normal
normal,normal,anomaly,normal,normal
normal,normal,normal,normal,normal
normal,normal,anomaly,normal,normal
normal,normal,anomaly,normal,normal
normal,normal,anomaly,normal,normal
normal,normal,anomaly,normal,normal
normal,normal,anomaly,normal,normal
normal,normal,anomaly,normal,normal
normal,normal,anomaly,normal,normal
normal,normal,anomaly,normal,normal
normal,normal,anomaly,normal,normal
normal,normal,anomaly,normal,normal
normal,normal,normal,normal,normal
normal,normal,anomaly,normal,normal
normal,normal,anomaly,normal,normal
normal,normal,anomaly,normal,normal
normal,normal,anomaly,normal,normal
normal,normal,normal,normal,normal
normal,normal,normal,normal,normal
normal,normal,normal,anomaly,normal
normal,normal,normal,anomaly,normal
normal,normal,normal,anomaly,normal
normal,normal,normal,anomaly,normal
normal,normal,normal,anomaly,normal
normal,normal,normal,anomaly,normal
normal,normal,anomaly,normal,normal
normal,normal,anomaly,normal,normal
normal,normal,normal,anomaly,normal
normal,normal,anomaly,normal,normal
normal,normal,anomaly,normal,normal
normal,normal,anomaly,normal,normal
normal,normal,normal,normal,normal
normal,normal,normal,normal,normal
normal,normal,normal,normal,normal
normal,normal,normal,normal,normal
normal,normal,normal,normal,normal
normal,normal,normal,normal,normal
normal,normal,anomaly,normal,normal
normal,normal,normal,normal,normal
normal,normal,normal,normal,normal
normal,normal,normal,normal,normal
normal,normal,normal,normal,normal
normal,normal,normal,normal,normal
normal,normal,normal,normal,normal
normal,normal,normal,normal,normal
normal,normal,anomaly,normal,normal
normal,normal,normal,normal,normal
normal,normal,normal,normal,normal
normal,normal,normal,normal,normal
normal,normal,normal,normal,normal
normal,normal,normal,normal,normal
normal,normal,normal,normal,normal
normal,normal,normal,normal,normal
normal,normal,normal,normal,normal
normal,normal,normal,normal,normal
normal,normal,normal,normal,normal
normal,normal,normal,normal,normal
normal,normal,normal,normal,normal
normal,normal,normal,normal,normal
normal,normal,normal,normal,normal
normal,normal,normal,normal,normal
normal,normal,normal,normal,normal
normal,normal,anomaly,normal,normal
normal,normal,normal,normal,normal
normal,normal,normal,normal,normal
normal,normal,normal,normal,normal
normal,normal,normal,normal,normal
normal,normal,normal,normal,normal
normal,normal,normal,normal,normal
normal,normal,normal,normal,normal
normal,normal,normal,normal,normal
normal,normal,normal,normal,normal
normal,normal,normal,normal,normal
normal,normal,normal,normal,normal
normal,normal,normal,normal,normal
normal,normal,normal,normal,normal
normal,normal,normal,normal,normal
normal,normal,anomaly,normal,normal
normal,normal,anomaly,normal,normal
normal,normal,anomaly,normal,normal
normal,normal,anomaly,normal,normal
normal,normal,normal,normal,normal
normal,normal,normal,normal,normal
normal,normal,normal,normal,normal
normal,normal,normal,normal,normal
normal,normal,normal,normal,normal
normal,normal,normal,normal,normal
normal,normal,normal,normal,normal
normal,normal,normal,normal,normal
normal,normal,normal,normal,normal
normal,normal,normal,normal,normal
normal,normal,normal,normal,normal
normal,normal,normal,normal,normal
normal,normal,normal,normal,normal
normal,normal,normal,normal,normal
normal,normal,normal,normal,normal
normal,normal,anomaly,normal,normal
normal,normal,anomaly,normal,normal
normal,normal,normal,normal,normal
normal,normal,normal,normal,normal
normal,normal,normal,normal,normal
normal,normal,anomaly,normal,normal
normal,normal,normal,normal,normal
normal,normal,normal,normal,normal
normal,normal,anomaly,normal,normal
normal,normal,anomaly,normal,normal
normal,normal,normal,normal,normal
normal,normal,normal,normal,normal
normal,normal,normal,normal,normal
normal,normal,normal,normal,normal
normal,normal,normal,normal,normal
normal,normal,normal,normal,normal
normal,normal,normal,normal,normal
normal,normal,normal,normal,normal
normal,normal,normal,normal,normal
